{
  "objective": "ret_then_sharpe",
  "evaluated": 120,
  "search_space": {
    "risk_weights": [
      "equal",
      "vol_inverse"
    ],
    "entry_thr": [
      0.4,
      0.45,
      0.5,
      0.55
    ],
    "adx_min": [
      12.0,
      15.0,
      18.0
    ],
    "require_adx": [
      true,
      false
    ],
    "stop_atr": [
      1.5,
      2.0,
      2.5
    ],
    "tp_atr": [
      2.0,
      3.0,
      4.0
    ],
    "trail_atr": [
      2.0,
      2.5,
      3.0
    ],
    "cash_buffer": [
      0.05,
      0.1
    ],
    "max_gross": [
      1.5,
      1.8
    ],
    "max_net": [
      0.6,
      0.8
    ],
    "corr_penalty": [
      0.3,
      0.5
    ]
  },
  "tickers": [
    "SPY",
    "NVDA",
    "META",
    "PLTR",
    "ANET"
  ],
  "ltf": "30m",
  "htf": "60m",
  "lookback": 60,
  "best": {
    "score": [
      0.0009302573033824757,
      1.2426479914273123
    ],
    "portfolio": {
      "total_return": 0.0009302573033824757,
      "cagr": 0.008091039275569312,
      "ann_vol": 0.006501898329115327,
      "sharpe": 1.2426479914273123,
      "max_drawdown": -0.001978281773481805,
      "risk_weights_mode": "vol_inverse",
      "cash_buffer": 0.05,
      "max_gross": 1.5,
      "max_net": 0.8,
      "corr_penalty": 0.5
    },
    "params": {
      "risk_weights": "vol_inverse",
      "entry_thr": 0.45,
      "adx_min": 18.0,
      "require_adx": false,
      "stop_atr": 2.5,
      "tp_atr": 3.0,
      "trail_atr": 2.5,
      "cash_buffer": 0.05,
      "max_gross": 1.5,
      "max_net": 0.8,
      "corr_penalty": 0.5
    }
  },
  "top": [
    {
      "score": [
        0.0009302573033824757,
        1.2426479914273123
      ],
      "portfolio": {
        "total_return": 0.0009302573033824757,
        "cagr": 0.008091039275569312,
        "ann_vol": 0.006501898329115327,
        "sharpe": 1.2426479914273123,
        "max_drawdown": -0.001978281773481805,
        "risk_weights_mode": "vol_inverse",
        "cash_buffer": 0.05,
        "max_gross": 1.5,
        "max_net": 0.8,
        "corr_penalty": 0.5
      },
      "params": {
        "risk_weights": "vol_inverse",
        "entry_thr": 0.45,
        "adx_min": 18.0,
        "require_adx": false,
        "stop_atr": 2.5,
        "tp_atr": 3.0,
        "trail_atr": 2.5,
        "cash_buffer": 0.05,
        "max_gross": 1.5,
        "max_net": 0.8,
        "corr_penalty": 0.5
      }
    },
    {
      "score": [
        0.0008688242885908082,
        1.224882532066883
      ],
      "portfolio": {
        "total_return": 0.0008688242885908082,
        "cagr": 0.007554936961306824,
        "ann_vol": 0.006160159077073502,
        "sharpe": 1.224882532066883,
        "max_drawdown": -0.001874220752411948,
        "risk_weights_mode": "vol_inverse",
        "cash_buffer": 0.1,
        "max_gross": 1.8,
        "max_net": 0.6,
        "corr_penalty": 0.5
      },
      "params": {
        "risk_weights": "vol_inverse",
        "entry_thr": 0.45,
        "adx_min": 18.0,
        "require_adx": false,
        "stop_atr": 2.0,
        "tp_atr": 3.0,
        "trail_atr": 2.0,
        "cash_buffer": 0.1,
        "max_gross": 1.8,
        "max_net": 0.6,
        "corr_penalty": 0.5
      }
    },
    {
      "score": [
        0.0008394792346184676,
        1.1917622920510398
      ],
      "portfolio": {
        "total_return": 0.0008394792346184676,
        "cagr": 0.007298942971687872,
        "ann_vol": 0.006117919013132532,
        "sharpe": 1.1917622920510398,
        "max_drawdown": -0.0016878152826765858,
        "risk_weights_mode": "vol_inverse",
        "cash_buffer": 0.1,
        "max_gross": 1.8,
        "max_net": 0.6,
        "corr_penalty": 0.3
      },
      "params": {
        "risk_weights": "vol_inverse",
        "entry_thr": 0.45,
        "adx_min": 15.0,
        "require_adx": true,
        "stop_atr": 2.0,
        "tp_atr": 3.0,
        "trail_atr": 2.5,
        "cash_buffer": 0.1,
        "max_gross": 1.8,
        "max_net": 0.6,
        "corr_penalty": 0.3
      }
    },
    {
      "score": [
        0.0008044749353577352,
        1.0687153178710915
      ],
      "portfolio": {
        "total_return": 0.0008044749353577352,
        "cagr": 0.006993655342821148,
        "ann_vol": 0.006541175642649311,
        "sharpe": 1.0687153178710915,
        "max_drawdown": -0.0019649038294590193,
        "risk_weights_mode": "vol_inverse",
        "cash_buffer": 0.05,
        "max_gross": 1.8,
        "max_net": 0.6,
        "corr_penalty": 0.3
      },
      "params": {
        "risk_weights": "vol_inverse",
        "entry_thr": 0.45,
        "adx_min": 15.0,
        "require_adx": false,
        "stop_atr": 2.0,
        "tp_atr": 4.0,
        "trail_atr": 2.5,
        "cash_buffer": 0.05,
        "max_gross": 1.8,
        "max_net": 0.6,
        "corr_penalty": 0.3
      }
    },
    {
      "score": [
        0.000774629868414145,
        0.826893702413118
      ],
      "portfolio": {
        "total_return": 0.000774629868414145,
        "cagr": 0.006733428255503604,
        "ann_vol": 0.008155870320636173,
        "sharpe": 0.826893702413118,
        "max_drawdown": -0.0025401507850013605,
        "risk_weights_mode": "equal",
        "cash_buffer": 0.1,
        "max_gross": 1.8,
        "max_net": 0.6,
        "corr_penalty": 0.5
      },
      "params": {
        "risk_weights": "equal",
        "entry_thr": 0.4,
        "adx_min": 18.0,
        "require_adx": false,
        "stop_atr": 2.5,
        "tp_atr": 2.0,
        "trail_atr": 2.5,
        "cash_buffer": 0.1,
        "max_gross": 1.8,
        "max_net": 0.6,
        "corr_penalty": 0.5
      }
    },
    {
      "score": [
        0.0007576777485258646,
        1.0099123400262144
      ],
      "portfolio": {
        "total_return": 0.0007576777485258646,
        "cagr": 0.006585644700074278,
        "ann_vol": 0.006520626291679128,
        "sharpe": 1.0099123400262144,
        "max_drawdown": -0.00197828177348236,
        "risk_weights_mode": "vol_inverse",
        "cash_buffer": 0.05,
        "max_gross": 1.5,
        "max_net": 0.6,
        "corr_penalty": 0.5
      },
      "params": {
        "risk_weights": "vol_inverse",
        "entry_thr": 0.45,
        "adx_min": 12.0,
        "require_adx": false,
        "stop_atr": 2.0,
        "tp_atr": 4.0,
        "trail_atr": 2.5,
        "cash_buffer": 0.05,
        "max_gross": 1.5,
        "max_net": 0.6,
        "corr_penalty": 0.5
      }
    },
    {
      "score": [
        0.0007567717979495292,
        1.0681863317646103
      ],
      "portfolio": {
        "total_return": 0.0007567717979495292,
        "cagr": 0.006577747431761649,
        "ann_vol": 0.006155393215464758,
        "sharpe": 1.0681863317646103,
        "max_drawdown": -0.0018615455934976044,
        "risk_weights_mode": "vol_inverse",
        "cash_buffer": 0.1,
        "max_gross": 1.8,
        "max_net": 0.6,
        "corr_penalty": 0.3
      },
      "params": {
        "risk_weights": "vol_inverse",
        "entry_thr": 0.45,
        "adx_min": 12.0,
        "require_adx": false,
        "stop_atr": 2.0,
        "tp_atr": 2.0,
        "trail_atr": 2.0,
        "cash_buffer": 0.1,
        "max_gross": 1.8,
        "max_net": 0.6,
        "corr_penalty": 0.3
      }
    },
    {
      "score": [
        0.0007279408953055899,
        0.7767964240490807
      ],
      "portfolio": {
        "total_return": 0.0007279408953055899,
        "cagr": 0.0063264539870626635,
        "ann_vol": 0.008161402162354368,
        "sharpe": 0.7767964240490807,
        "max_drawdown": -0.0026058918736996395,
        "risk_weights_mode": "equal",
        "cash_buffer": 0.1,
        "max_gross": 1.5,
        "max_net": 0.8,
        "corr_penalty": 0.5
      },
      "params": {
        "risk_weights": "equal",
        "entry_thr": 0.4,
        "adx_min": 15.0,
        "require_adx": false,
        "stop_atr": 2.0,
        "tp_atr": 2.0,
        "trail_atr": 2.0,
        "cash_buffer": 0.1,