{
  "objective": "ret_then_sharpe",
  "evaluated": 8,
  "search_space": {
    "risk_weights": [
      "equal",
      "vol_inverse"
    ],
    "entry_thr": [
      0.4,
      0.45,
      0.5,
      0.55
    ],
    "adx_min": [
      12.0,
      15.0,
      18.0
    ],
    "require_adx": [
      true,
      false
    ],
    "stop_atr": [
      1.5,
      2.0,
      2.5
    ],
    "tp_atr": [
      2.0,
      3.0,
      4.0
    ],
    "trail_atr": [
      2.0,
      2.5,
      3.0
    ],
    "cash_buffer": [
      0.05,
      0.1
    ],
    "max_gross": [
      1.5,
      1.8
    ],
    "max_net": [
      0.6,
      0.8
    ],
    "corr_penalty": [
      0.3,
      0.5
    ]
  },
  "tickers": [
    "SPY",
    "NVDA",
    "META",
    "PLTR",
    "ANET"
  ],
  "ltf": "30m",
  "htf": "60m",
  "lookback": 60,
  "best": {
    "score": [
      0.0007278466249949211,
      0.776693519693924
    ],
    "portfolio": {
      "total_return": 0.0007278466249949211,
      "cagr": 0.006325632407289783,
      "ann_vol": 0.008161432644580902,
      "sharpe": 0.776693519693924,
      "max_drawdown": -0.0026059428410544205,
      "risk_weights_mode": "equal",
      "cash_buffer": 0.1,
      "max_gross": 1.5,
      "max_net": 0.8,
      "corr_penalty": 0.5
    },
    "params": {
      "risk_weights": "equal",
      "entry_thr": 0.4,
      "adx_min": 15.0,
      "require_adx": false,
      "stop_atr": 2.0,
      "tp_atr": 2.0,
      "trail_atr": 2.0,
      "cash_buffer": 0.1,
      "max_gross": 1.5,
      "max_net": 0.8,
      "corr_penalty": 0.5
    }
  },
  "top": [
    {
      "score": [
        0.0007278466249949211,
        0.776693519693924
      ],
      "portfolio": {
        "total_return": 0.0007278466249949211,
        "cagr": 0.006325632407289783,
        "ann_vol": 0.008161432644580902,
        "sharpe": 0.776693519693924,
        "max_drawdown": -0.0026059428410544205,
        "risk_weights_mode": "equal",
        "cash_buffer": 0.1,
        "max_gross": 1.5,
        "max_net": 0.8,
        "corr_penalty": 0.5
      },
      "params": {
        "risk_weights": "equal",
        "entry_thr": 0.4,
        "adx_min": 15.0,
        "require_adx": false,
        "stop_atr": 2.0,
        "tp_atr": 2.0,
        "trail_atr": 2.0,
        "cash_buffer": 0.1,
        "max_gross": 1.5,
        "max_net": 0.8,
        "corr_penalty": 0.5
      }
    },
    {
      "score": [
        0.000500523570455158,
        0.47811682752346013
      ],
      "portfolio": {
        "total_return": 0.000500523570455158,
        "cagr": 0.004346203166764262,
        "ann_vol": 0.009158032594553106,
        "sharpe": 0.47811682752346013,
        "max_drawdown": -0.0033377678039073766,
        "risk_weights_mode": "vol_inverse",
        "cash_buffer": 0.05,
        "max_gross": 1.8,
        "max_net": 0.6,
        "corr_penalty": 0.3
      },
      "params": {
        "risk_weights": "vol_inverse",
        "entry_thr": 0.4,
        "adx_min": 12.0,
        "require_adx": false,
        "stop_atr": 2.0,
        "tp_atr": 3.0,
        "trail_atr": 2.0,
        "cash_buffer": 0.05,
        "max_gross": 1.8,
        "max_net": 0.6,
        "corr_penalty": 0.3
      }
    },
    {
      "score": [
        0.0004744147006119359,
        0.47811682752055923
      ],
      "portfolio": {
        "total_return": 0.0004744147006119359,
        "cagr": 0.004119079262824288,
        "ann_vol": 0.008676030879050313,
        "sharpe": 0.47811682752055923,
        "max_drawdown": -0.003162253677363558,
        "risk_weights_mode": "vol_inverse",
        "cash_buffer": 0.1,
        "max_gross": 1.5,
        "max_net": 0.8,
        "corr_penalty": 0.3
      },
      "params": {
        "risk_weights": "vol_inverse",
        "entry_thr": 0.4,
        "adx_min": 15.0,
        "require_adx": false,
        "stop_atr": 2.5,
        "tp_atr": 3.0,
        "trail_atr": 2.0,
        "cash_buffer": 0.1,
        "max_gross": 1.5,
        "max_net": 0.8,
        "corr_penalty": 0.3
      }
    }
  ]
}
